jm.code,jm.term,os.type,os.id,os.bnf_code,os.nm
0302000,Corticosteroids (respiratory),,,,
0302000C0,Beclometasone dipropionate,,,,
0302000C0AAAAAA,Beclometasone 50micrograms/dose inhaler,amp,3175711000001102,0302000C0AAAAAA,Beclometasone 50micrograms/dose inhaler (A A H Pharmaceuticals Ltd)
0302000C0AAAAAA,Beclometasone 50micrograms/dose inhaler,amp,3175911000001100,0302000C0AAAAAA,Beclometasone 50micrograms/dose inhaler (Mylan)
0302000C0AAAAAA,Beclometasone 50micrograms/dose inhaler,amp,3176711000001105,0302000C0AAAAAA,Beclometasone 50micrograms/dose inhaler (Kent Pharmaceuticals Ltd)
0302000C0AAAAAA,Beclometasone 50micrograms/dose inhaler,amp,3177111000001107,0302000C0AAAAAA,Beclometasone 50micrograms/dose inhaler (Alliance Healthcare (Distribution) Ltd)
0302000C0AAAAAA,Beclometasone 50micrograms/dose inhaler,amp,4773611000001100,0302000C0AAAAAA,Beclometasone 50micrograms/dose inhaler (Teva UK Ltd)
0302000C0AAAAAA,Beclometasone 50micrograms/dose inhaler,amp,11400011000001108,0302000C0AAAAAA,Beclometasone 50micrograms/dose inhaler (Almus Pharmaceuticals Ltd)
0302000C0AAAAAA,Beclometasone 50micrograms/dose inhaler,amp,17793411000001101,0302000C0AAAAAA,Beclometasone 50micrograms/dose inhaler (Phoenix Healthcare Distribution Ltd)
0302000C0AAAAAA,Beclometasone 50micrograms/dose inhaler,vmp,35909511000001107,0302000C0AAAAAA,Beclometasone 50micrograms/dose inhaler
0302000C0AA,Beclometasone dipropionate (Inhalation),,,,
0302000C0AAABAB,Beclometasone 100micrograms/dose inhaler,amp,3178211000001102,0302000C0AAABAB,Beclometasone 100micrograms/dose inhaler (A A H Pharmaceuticals Ltd)
0302000C0AAABAB,Beclometasone 100micrograms/dose inhaler,amp,3178411000001103,0302000C0AAABAB,Beclometasone 100micrograms/dose inhaler (Mylan)
0302000C0AAABAB,Beclometasone 100micrograms/dose inhaler,amp,3179011000001102,0302000C0AAABAB,Beclometasone 100micrograms/dose inhaler (Alliance Healthcare (Distribution) Ltd)
0302000C0AAABAB,Beclometasone 100micrograms/dose inhaler,amp,4773811000001101,0302000C0AAABAB,Beclometasone 100micrograms/dose inhaler (Teva UK Ltd)
0302000C0AAABAB,Beclometasone 100micrograms/dose inhaler,amp,7379111000001102,0302000C0AAABAB,Beclometasone 100micrograms/dose inhaler (Kent Pharmaceuticals Ltd)
0302000C0AAABAB,Beclometasone 100micrograms/dose inhaler,amp,11400511000001100,0302000C0AAABAB,Beclometasone 100micrograms/dose inhaler (Almus Pharmaceuticals Ltd)
0302000C0AAABAB,Beclometasone 100micrograms/dose inhaler,amp,17794111000001108,0302000C0AAABAB,Beclometasone 100micrograms/dose inhaler (Phoenix Healthcare Distribution Ltd)
0302000C0AAABAB,Beclometasone 100micrograms/dose inhaler,vmp,320537007,0302000C0AAABAB,Beclometasone 100micrograms/dose inhaler
0302000C0AAACAC,Beclometasone 250micrograms/dose inhaler,amp,3179811000001108,0302000C0AAACAC,Beclometasone 250micrograms/dose inhaler (A A H Pharmaceuticals Ltd)
0302000C0AAACAC,Beclometasone 250micrograms/dose inhaler,amp,3180011000001102,0302000C0AAACAC,Beclometasone 250micrograms/dose inhaler (Mylan)
0302000C0AAACAC,Beclometasone 250micrograms/dose inhaler,amp,3180911000001103,0302000C0AAACAC,Beclometasone 250micrograms/dose inhaler (Alliance Healthcare (Distribution) Ltd)
0302000C0AAACAC,Beclometasone 250micrograms/dose inhaler,amp,4774011000001109,0302000C0AAACAC,Beclometasone 250micrograms/dose inhaler (Teva UK Ltd)
0302000C0AAACAC,Beclometasone 250micrograms/dose inhaler,amp,7379311000001100,0302000C0AAACAC,Beclometasone 250micrograms/dose inhaler (Kent Pharmaceuticals Ltd)
0302000C0AAACAC,Beclometasone 250micrograms/dose inhaler,amp,11400811000001102,0302000C0AAACAC,Beclometasone 250micrograms/dose inhaler (Almus Pharmaceuticals Ltd)
0302000C0AAACAC,Beclometasone 250micrograms/dose inhaler,amp,17833911000001100,0302000C0AAACAC,Beclometasone 250micrograms/dose inhaler (Phoenix Healthcare Distribution Ltd)
0302000C0AAACAC,Beclometasone 250micrograms/dose inhaler,vmp,35908811000001103,0302000C0AAACAC,Beclometasone 250micrograms/dose inhaler
0302000C0AAAEAE,Beclometasone 100microgram inhalation powder capsules,,,,
0302000C0AAAFAF,Beclometasone 200microgram inhalation powder capsules,vmp,320535004,0302000C0AAAFAF,Beclometasone 200microgram inhalation powder capsules
0302000C0AAAGAG,Beclometasone 100microgram inhalation pdr blist with device,vmp,35907711000001105,0302000C0AAAGAG,Beclometasone 100microgram inhalation powder blisters with device
0302000C0AAAHAH,Beclometasone 200microgram inhalation pdr blist with device,vmp,35908311000001107,0302000C0AAAHAH,Beclometasone 200microgram inhalation powder blisters with device
0302000C0AAAIAI,Beclometasone 400microgram inhalation powder capsules,vmp,320520000,0302000C0AAAIAI,Beclometasone 400microgram inhalation powder capsules
0302000C0AAAJAJ,Beclometasone 400microgram inhalation pdr blist with device,vmp,35909011000001104,0302000C0AAAJAJ,Beclometasone 400microgram inhalation powder blisters with device
0302000C0AAAKAK,Beclometasone 200microgram inhalation powder blisters,vmp,35908211000001104,0302000C0AAAKAK,Beclometasone 200microgram inhalation powder blisters
0302000C0AAALAL,Beclometasone 100microgram inhalation powder blisters,vmp,35907611000001101,0302000C0AAALAL,Beclometasone 100microgram inhalation powder blisters
0302000C0AAANAN,Salbutamol 100microg/dose / Beclometasone 50microg/dose inh,,,,
0302000C0AAAPAP,Salbutamol 400microg/Beclometasone 200microg pdr caps,,,,
0302000C0AAAQAQ,Beclometasone 400microgram inhalation powder blisters,vmp,35908911000001108,0302000C0AAAQAQ,Beclometasone 400microgram inhalation powder blisters
0302000C0AAARAR,Beclometasone 200micrograms/dose inhaler,amp,4332611000001107,0302000C0AAARAR,Beclometasone 200micrograms/dose inhaler (A A H Pharmaceuticals Ltd)
0302000C0AAARAR,Beclometasone 200micrograms/dose inhaler,amp,15052211000001104,0302000C0AAARAR,Beclometasone 200micrograms/dose inhaler (Sigma Pharmaceuticals Plc)
0302000C0AAARAR,Beclometasone 200micrograms/dose inhaler,vmp,35908511000001101,0302000C0AAARAR,Beclometasone 200micrograms/dose inhaler
0302000C0AAASAS,Beclometasone 50micrograms/dose breath actuated inhaler,vmp,35909211000001109,0302000C0AAASAS,Beclometasone 50micrograms/dose breath actuated inhaler
0302000C0AAATAT,Beclometasone 100micrograms/dose breath actuated inhaler,vmp,35907811000001102,0302000C0AAATAT,Beclometasone 100micrograms/dose breath actuated inhaler
0302000C0AAAUAU,Beclometasone 250micrograms/dose breath actuated inhaler,vmp,35908611000001102,0302000C0AAAUAU,Beclometasone 250micrograms/dose breath actuated inhaler
0302000C0AABEBE,Beclometasone 50micrograms/dose inhaler CFC free,vmp,35909611000001106,0302000C0AABEBE,Beclometasone 50micrograms/dose inhaler CFC free
0302000C0AABFBF,Beclometasone 100micrograms/dose inhaler CFC free,vmp,35908111000001105,0302000C0AABFBF,Beclometasone 100micrograms/dose inhaler CFC free
0302000C0AABGBG,Beclometasone 50micrograms/dose breath actuated inh CFC free,vmp,35909311000001101,0302000C0AABGBG,Beclometasone 50micrograms/dose breath actuated inhaler CFC free
0302000C0AABHBH,Beclometasone 100mcg/dose breath actuated inhaler CFC free,vmp,35907911000001107,0302000C0AABHBH,Beclometasone 100micrograms/dose breath actuated inhaler CFC free
0302000C0BBAAAC,Becloforte 250micrograms/dose inhaler,amp,3180211000001107,0302000C0BBAAAC,Becloforte 250micrograms/dose inhaler (GlaxoSmithKline UK Ltd)
0302000C0AABIBI,Beclometasone 50micrograms/dose dry powder inhaler,vmp,35909411000001108,0302000C0AABIBI,Beclometasone 50micrograms/dose dry powder inhaler
0302000C0BCACAE,Becotide 100microgram Rotacaps,amp,3190311000001103,0302000C0BCACAE,Becotide 100microgram Rotacaps (GlaxoSmithKline UK Ltd)
0302000C0AABJBJ,Beclometasone 100micrograms/dose dry powder inhaler,vmp,35908011000001109,0302000C0AABJBJ,Beclometasone 100micrograms/dose dry powder inhaler
0302000C0BCADAF,Becotide 200microgram Rotacaps,amp,3192111000001101,0302000C0BCADAF,Becotide 200microgram Rotacaps (GlaxoSmithKline UK Ltd)
0302000C0AABKBK,Beclometasone 250micrograms/dose dry powder inhaler,vmp,35908711000001106,0302000C0AABKBK,Beclometasone 250micrograms/dose dry powder inhaler
0302000C0BCAGAI,Becotide 400microgram Rotacaps,amp,3194011000001108,0302000C0BCAGAI,Becotide 400microgram Rotacaps (GlaxoSmithKline UK Ltd)
0302000C0AABLBL,Salbutamol 200microg/Beclometasone 100microg pdr caps,,,,
0302000C0BCAHAB,Becotide 100 inhaler,amp,3178611000001100,0302000C0BCAHAB,Becotide 100 inhaler (GlaxoSmithKline UK Ltd)
0302000C0AABSBS,Beclometasone 400micrograms/dose dry powder inhaler,vmp,35909111000001103,0302000C0AABSBS,Beclometasone 400micrograms/dose dry powder inhaler
0302000C0BCAIAA,Becotide 50 inhaler,amp,3176211000001103,0302000C0BCAIAA,Becotide 50 inhaler (GlaxoSmithKline UK Ltd)
0302000C0AABUBU,Beclometasone 200micrograms/dose dry powder inhaler,vmp,35908411000001100,0302000C0AABUBU,Beclometasone 200micrograms/dose dry powder inhaler
0302000C0BCAQAR,Becotide 200 inhaler,amp,3179311000001104,0302000C0BCAQAR,Becotide 200 inhaler (GlaxoSmithKline UK Ltd)
0302000C0AABVBV,Beclometasone 200micrograms/dose inhaler CFC free,vmp,10621011000001101,0302000C0AABVBV,Beclometasone 200micrograms/dose inhaler CFC free
0302000C0BDAAAN,Ventide inhaler,amp,3292811000001106,0302000C0BDAAAN,Ventide inhaler (GlaxoSmithKline UK Ltd)
0302000C0AABWBW,Beclometasone 250micrograms/dose inhaler CFC free,vmp,10621111000001100,0302000C0AABWBW,Beclometasone 250micrograms/dose inhaler CFC free
0302000C0BEABAU,AeroBec Forte 250 Autohaler,amp,3182411000001107,0302000C0BEABAU,AeroBec Forte 250 Autohaler (Meda Pharmaceuticals Ltd)
0302000C0AABXBX,Beclometasone 100microg/Formoterol 6microg/dose inh CFCfree,vmp,12911011000001100,0302000C0AABXBX,Beclometasone 100micrograms/dose / Formoterol 6micrograms/dose inhaler CFC free
0302000C0BEACAT,AeroBec 100 Autohaler,amp,3181411000001102,0302000C0BEACAT,AeroBec 100 Autohaler (Meda Pharmaceuticals Ltd)
0302000C0AABYBY,Beclometasone 100microg/Formoterol 6microg/dose dry pdr inh,vmp,26148711000001101,0302000C0AABYBY,Beclometasone 100micrograms/dose / Formoterol 6micrograms/dose dry powder inhaler
0302000C0BFAAAA,Beclazone 50 inhaler,amp,3176411000001104,0302000C0BFAAAA,Beclazone 50 inhaler (Teva UK Ltd)
0302000C0AABZBZ,Beclometasone 200microg/Formoterol 6microg/dose inh CFC free,vmp,31087411000001106,0302000C0AABZBZ,Beclometasone 200micrograms/dose / Formoterol 6micrograms/dose inhaler CFC free
0302000C0BFABAB,Beclazone 100 inhaler,amp,3178811000001101,0302000C0BFABAB,Beclazone 100 inhaler (Teva UK Ltd)
0302000C0AACACA,Beclometasone 200microg/Formoterol 6microg/dose dry pdr inh,vmp,31087511000001105,0302000C0AACACA,Beclometasone 200micrograms/dose / Formoterol 6micrograms/dose dry powder inhaler
0302000C0BFACAC,Beclazone 250 inhaler,amp,3180611000001109,0302000C0BFACAC,Beclazone 250 inhaler (Teva UK Ltd)
0302000C0BB,Becloforte,,,,
0302000C0BFADAS,Beclazone 50 Easi-Breathe inhaler,amp,3604611000001104,0302000C0BFADAS,Beclazone 50 Easi-Breathe inhaler (Teva UK Ltd)
0302000C0BFAEAT,Beclazone 100 Easi-Breathe inhaler,amp,3181711000001108,0302000C0BFAEAT,Beclazone 100 Easi-Breathe inhaler (Teva UK Ltd)
0302000C0BBACAJ,Becloforte 400microgram disks with Diskhaler,,,,
0302000C0BFAFAU,Beclazone 250 Easi-Breathe inhaler,amp,3182611000001105,0302000C0BFAFAU,Beclazone 250 Easi-Breathe inhaler (Teva UK Ltd)
0302000C0BBADAQ,Becloforte 400microgram disks,,,,
0302000C0BFAGAR,Beclazone 200 inhaler,amp,3179511000001105,0302000C0BFAGAR,Beclazone 200 inhaler (Teva UK Ltd)
0302000C0BC,Becotide,,,,
0302000C0BGAAAA,Filair 50 inhaler,amp,3175211000001109,0302000C0BGAAAA,Filair 50 inhaler (Meda Pharmaceuticals Ltd)
0302000C0BGABAB,Filair 100 inhaler,amp,3177911000001105,0302000C0BGABAB,Filair 100 inhaler (Meda Pharmaceuticals Ltd)
0302000C0BHAAAG,Becodisks 100microgram with Diskhaler,amp,3088611000001100,0302000C0BHAAAG,Becodisks 100microgram with Diskhaler (GlaxoSmithKline UK Ltd)
0302000C0BHABAL,Becodisks 100microgram,amp,3086011000001108,0302000C0BHABAL,Becodisks 100microgram (GlaxoSmithKline UK Ltd)
0302000C0BHACAH,Becodisks 200microgram with Diskhaler,amp,3096011000001109,0302000C0BHACAH,Becodisks 200microgram with Diskhaler (GlaxoSmithKline UK Ltd)
0302000C0BHADAK,Becodisks 200microgram,amp,3099811000001109,0302000C0BHADAK,Becodisks 200microgram (GlaxoSmithKline UK Ltd)
0302000C0BHAEAJ,Becodisks 400microgram with Diskhaler,amp,3102211000001109,0302000C0BHAEAJ,Becodisks 400microgram with Diskhaler (GlaxoSmithKline UK Ltd)
0302000C0BD,Ventide,,,,
0302000C0BHAFAQ,Becodisks 400microgram,amp,3104911000001109,0302000C0BHAFAQ,Becodisks 400microgram (GlaxoSmithKline UK Ltd)
0302000C0BIADBI,Asmabec 50 Clickhaler,amp,3111911000001108,0302000C0BIADBI,Asmabec 50 Clickhaler (Focus Pharmaceuticals Ltd)
0302000C0BDABAP,Ventide Rotacaps,,,,
0302000C0BIAEBJ,Asmabec 100 Clickhaler,amp,3112511000001109,0302000C0BIAEBJ,Asmabec 100 Clickhaler (Focus Pharmaceuticals Ltd)
0302000C0BDACBL,Ventide Paediatric Rotacaps,,,,
0302000C0BIAFBK,Asmabec 250 Clickhaler,amp,3174111000001102,0302000C0BIAFBK,Asmabec 250 Clickhaler (Focus Pharmaceuticals Ltd)
0302000C0BE,AeroBec,,,,
0302000C0BJAABE,Qvar 50 inhaler,amp,3176811000001102,0302000C0BJAABE,Qvar 50 inhaler (Teva UK Ltd)
0302000C0BEAAAS,AeroBec 50 Autohaler,,,,
0302000C0BJABBF,Qvar 100 inhaler,amp,3175611000001106,0302000C0BJABBF,Qvar 100 inhaler (Teva UK Ltd)
0302000C0BJACBG,Qvar 50 Autohaler,amp,3177411000001102,0302000C0BJACBG,Qvar 50 Autohaler (Teva UK Ltd)
0302000C0BJADBH,Qvar 100 Autohaler,amp,3177711000001108,0302000C0BJADBH,Qvar 100 Autohaler (Teva UK Ltd)
0302000C0BF,Beclazone,,,,
0302000C0BJAEBG,Qvar 50micrograms/dose Easi-Breathe inhaler,amp,8159511000001107,0302000C0BJAEBG,Qvar 50micrograms/dose Easi-Breathe inhaler (Teva UK Ltd)
0302000C0BJAFBH,Qvar 100micrograms/dose Easi-Breathe inhaler,amp,8159711000001102,0302000C0BJAFBH,Qvar 100micrograms/dose Easi-Breathe inhaler (Teva UK Ltd)
0302000C0BNAABU,Easyhaler Beclometasone 200micrograms/dose dry pdr inhaler,amp,9525111000001105,0302000C0BNAABU,Easyhaler Beclometasone 200micrograms/dose dry powder inhaler (Orion Pharma (UK) Ltd)
0302000C0BPAABE,Clenil Modulite 50micrograms/dose inhaler,amp,10617711000001103,0302000C0BPAABE,Clenil Modulite 50micrograms/dose inhaler (Chiesi Ltd)
0302000C0BPABBF,Clenil Modulite 100micrograms/dose inhaler,amp,10618211000001109,0302000C0BPABBF,Clenil Modulite 100micrograms/dose inhaler (Chiesi Ltd)
0302000C0BPACBV,Clenil Modulite 200micrograms/dose inhaler,amp,10619311000001107,0302000C0BPACBV,Clenil Modulite 200micrograms/dose inhaler (Chiesi Ltd)
0302000C0BPADBW,Clenil Modulite 250micrograms/dose inhaler,amp,10619611000001102,0302000C0BPADBW,Clenil Modulite 250micrograms/dose inhaler (Chiesi Ltd)
0302000C0BQAABX,Fostair 100micrograms/dose / 6micrograms/dose inhaler,amp,12906411000001100,0302000C0BQAABX,Fostair 100micrograms/dose / 6micrograms/dose inhaler (Chiesi Ltd)
0302000C0BG,Filair,,,,
0302000C0BQABBZ,Fostair 200micrograms/dose / 6micrograms/dose inhaler,amp,31063411000001101,0302000C0BQABBZ,Fostair 200micrograms/dose / 6micrograms/dose inhaler (Chiesi Ltd)
0302000C0BRAABY,Fostair NEXThaler 100microg/dose / 6microg/dose dry pdr inh,amp,26112111000001106,0302000C0BRAABY,Fostair NEXThaler 100micrograms/dose / 6micrograms/dose dry powder inhaler (Chiesi Ltd)
0302000C0BRABCA,Fostair NEXThaler 200microg/dose / 6microg/dose dry pdr inh,amp,31063111000001106,0302000C0BRABCA,Fostair NEXThaler 200micrograms/dose / 6micrograms/dose dry powder inhaler (Chiesi Ltd)
0302000C0BGACAC,Filair Forte 250micrograms/dose inhaler,,,,
0302000C0BSAABE,Kelhale 50micrograms/dose inhaler,amp,35430111000001100,0302000C0BSAABE,Kelhale 50micrograms/dose inhaler (Cipla EU Ltd)
0302000C0BH,Becodisks,,,,
0302000C0BSABBF,Kelhale 100micrograms/dose inhaler,amp,35430311000001103,0302000C0BSABBF,Kelhale 100micrograms/dose inhaler (Cipla EU Ltd)
0302000C0BTAABE,Soprobec 50micrograms/dose inhaler,amp,36603211000001106,0302000C0BTAABE,Soprobec 50micrograms/dose inhaler (Glenmark Pharmaceuticals Europe Ltd)
0302000C0BTABBV,Soprobec 200micrograms/dose inhaler,amp,36603411000001105,0302000C0BTABBV,Soprobec 200micrograms/dose inhaler (Glenmark Pharmaceuticals Europe Ltd)
0302000C0BTACBF,Soprobec 100micrograms/dose inhaler,amp,36603611000001108,0302000C0BTACBF,Soprobec 100micrograms/dose inhaler (Glenmark Pharmaceuticals Europe Ltd)
0302000C0BTADBW,Soprobec 250micrograms/dose inhaler,amp,36603811000001107,0302000C0BTADBW,Soprobec 250micrograms/dose inhaler (Glenmark Pharmaceuticals Europe Ltd)
0302000K0BBADAD,Pulmicort 200micrograms/dose inhaler,amp,2924111000001109,0302000K0BBADAD,Pulmicort 200micrograms/dose inhaler (AstraZeneca UK Ltd)
0302000K0BBAEAA,Pulmicort LS 50micrograms/dose inhaler,amp,3240911000001108,0302000K0BBAEAA,Pulmicort LS 50micrograms/dose inhaler (AstraZeneca UK Ltd)
0302000C0BI,Asmabec,,,,
0302000K0BBAHAG,Pulmicort 200 Turbohaler,amp,3112411000001105,0302000K0BBAHAG,Pulmicort 200 Turbohaler (AstraZeneca UK Ltd)
0302000K0BBAIAH,Pulmicort 400 Turbohaler,amp,3228711000001106,0302000K0BBAIAH,Pulmicort 400 Turbohaler (AstraZeneca UK Ltd)
0302000K0BBAKAK,Pulmicort 100 Turbohaler,amp,3113111000001106,0302000K0BBAKAK,Pulmicort 100 Turbohaler (AstraZeneca UK Ltd)
0302000K0BBAMAZ,Pulmicort 100micrograms/dose inhaler CFC free,amp,14951111000001102,0302000K0BBAMAZ,Pulmicort 100micrograms/dose inhaler CFC free (AstraZeneca UK Ltd)
0302000C0BJ,Qvar,,,,
0302000K0BBANBA,Pulmicort 200micrograms/dose inhaler CFC free,amp,15358411000001102,0302000K0BBANBA,Pulmicort 200micrograms/dose inhaler CFC free (AstraZeneca UK Ltd)
0302000K0BDAAAL,Symbicort 100/6 Turbohaler,amp,3294211000001101,0302000K0BDAAAL,Symbicort 100/6 Turbohaler (AstraZeneca UK Ltd)
0302000K0BDABAM,Symbicort 200/6 Turbohaler,amp,3294611000001104,0302000K0BDABAM,Symbicort 200/6 Turbohaler (AstraZeneca UK Ltd)
0302000K0BDACAU,Symbicort 400/12 Turbohaler,amp,4373811000001100,0302000K0BDACAU,Symbicort 400/12 Turbohaler (AstraZeneca UK Ltd)
0302000K0BDADBB,Symbicort 200microg/dose / 6microg/dose pressurised inh,amp,32926011000001100,0302000K0BDADBB,Symbicort 200micrograms/dose / 6micrograms/dose pressurised inhaler (AstraZeneca UK Ltd)
0302000K0BFAAAV,Budelin Novolizer 200micrograms/dose inhalation powder,amp,8031811000001102,0302000K0BFAAAV,Budelin Novolizer 200micrograms/dose inhalation powder (Mylan)
0302000K0BFABAW,Budelin Novolizer 200micrograms/dose inhalation pdr refill,amp,9111811000001100,0302000K0BFABAW,Budelin Novolizer 200micrograms/dose inhalation powder refill (Mylan)
0302000C0BL,Pulvinal beclometasone,,,,
0302000K0BGAAAK,Easyhaler Budesonide 100micrograms/dose dry powder inhaler,amp,10073911000001106,0302000K0BGAAAK,Easyhaler Budesonide 100micrograms/dose dry powder inhaler (Orion Pharma (UK) Ltd)
0302000C0BLAABU,Pulvinal Beclometasone Diprop 200microg/dose dry pdr inh,,,,
0302000K0BGABAG,Easyhaler Budesonide 200micrograms/dose dry powder inhaler,amp,10074611000001102,0302000K0BGABAG,Easyhaler Budesonide 200micrograms/dose dry powder inhaler (Orion Pharma (UK) Ltd)
0302000C0BLABBJ,Pulvinal Beclometasone Diprop 100microg/dose dry pdr inh,,,,
0302000K0BGACAH,Easyhaler Budesonide 400micrograms/dose dry powder inhaler,amp,10074411000001100,0302000K0BGACAH,Easyhaler Budesonide 400micrograms/dose dry powder inhaler (Orion Pharma (UK) Ltd)
0302000C0BLACBS,Pulvinal Beclometasone Diprop 400microg/dose dry pdr inh,,,,
0302000K0BHAAAM,DuoResp Spiromax 160microg/dose / 4.5microg/dose dry pdr inh,amp,25254111000001105,0302000K0BHAAAM,DuoResp Spiromax 160micrograms/dose / 4.5micrograms/dose dry powder inhaler (Teva UK Ltd)
0302000C0BM,Beclometasone Cyclocap,,,,
0302000K0BHABAU,DuoResp Spiromax 320microg/dose / 9microg/dose dry pdr inh,amp,25254711000001106,0302000K0BHABAU,DuoResp Spiromax 320micrograms/dose / 9micrograms/dose dry powder inhaler (Teva UK Ltd)
0302000C0BMAAAE,Beclometasone 100 Cyclocaps,,,,
0302000K0BIAAAU,Fobumix Easyhaler 320microg/dose / 9microg/dose dry pdr inh,amp,34812111000001106,0302000K0BIAAAU,Fobumix Easyhaler 320micrograms/dose / 9micrograms/dose dry powder inhaler (Orion Pharma (UK) Ltd)
0302000C0BMABAF,Beclometasone 200 Cyclocaps,,,,
0302000K0BIABAM,Fobumix Easyhaler 160microg / 4.5microg/dose dry pdr inh,amp,34950311000001108,0302000K0BIABAM,Fobumix Easyhaler 160micrograms/dose / 4.5micrograms/dose dry powder inhaler (Orion Pharma (UK) Ltd)
0302000C0BMACAI,Beclometasone 400 Cyclocaps,,,,
0302000K0BIADAL,Fobumix Easyhaler 80microg/dose / 4.5microg/dose dry pdr inh,amp,34950611000001103,0302000K0BIADAL,Fobumix Easyhaler 80micrograms/dose / 4.5micrograms/dose dry powder inhaler (Orion Pharma (UK) Ltd)
0302000C0BN,Easyhaler (Beclometasone),,,,
0302000N0AAAZAZ,Fluticasone propion 500mcg/Salmeterol 50mcg/dose dry pdr inh,amp,31064811000001101,0302000N0AAAZAZ,Fluticasone propionate 500micrograms/dose / Salmeterol 50micrograms/dose dry powder inhaler (A A H Pharmaceuticals Ltd)
0302000N0AAAZAZ,Fluticasone propion 500mcg/Salmeterol 50mcg/dose dry pdr inh,vmp,320280004,0302000N0AAAZAZ,Fluticasone propionate 500micrograms/dose / Salmeterol 50micrograms/dose dry powder inhaler
0302000N0BBAAAA,Flixotide 50microgram disks with Diskhaler,amp,3097711000001109,0302000N0BBAAAA,Flixotide 50microgram disks with Diskhaler (GlaxoSmithKline UK Ltd)
0302000C0BP,Clenil Modulite,,,,
0302000N0BBACAC,Flixotide 100microgram disks with Diskhaler,amp,3098611000001101,0302000N0BBACAC,Flixotide 100microgram disks with Diskhaler (GlaxoSmithKline UK Ltd)
0302000N0BBADAD,Flixotide 100microgram disks,amp,3099611000001105,0302000N0BBADAD,Flixotide 100microgram disks (GlaxoSmithKline UK Ltd)
0302000N0BBAEAE,Flixotide 250microgram disks with Diskhaler,amp,3106311000001102,0302000N0BBAEAE,Flixotide 250microgram disks with Diskhaler (GlaxoSmithKline UK Ltd)
0302000N0BBAFAF,Flixotide 250microgram disks,amp,3103511000001100,0302000N0BBAFAF,Flixotide 250microgram disks (GlaxoSmithKline UK Ltd)
0302000N0BBARAR,Flixotide 50micrograms/dose Accuhaler,amp,3183811000001101,0302000N0BBARAR,Flixotide 50micrograms/dose Accuhaler (GlaxoSmithKline UK Ltd)
0302000C0BQ,Fostair,,,,
0302000N0BBASAS,Flixotide 100micrograms/dose Accuhaler,amp,3184311000001107,0302000N0BBASAS,Flixotide 100micrograms/dose Accuhaler (GlaxoSmithKline UK Ltd)
0302000N0BBATAT,Flixotide 250micrograms/dose Accuhaler,amp,3184911000001108,0302000N0BBATAT,Flixotide 250micrograms/dose Accuhaler (GlaxoSmithKline UK Ltd)
0302000N0BBAUAU,Flixotide 500micrograms/dose Accuhaler,amp,3185211000001103,0302000N0BBAUAU,Flixotide 500micrograms/dose Accuhaler (GlaxoSmithKline UK Ltd)
0302000C0BR,Fostair NEXThaler,,,,
0302000N0BBAYBA,Flixotide 125micrograms/dose Evohaler,amp,398511000001105,0302000N0BBAYBA,Flixotide 125micrograms/dose Evohaler (GlaxoSmithKline UK Ltd)
0302000N0BBBABC,Flixotide 250micrograms/dose Evohaler,amp,2831211000001109,0302000N0BBBABC,Flixotide 250micrograms/dose Evohaler (GlaxoSmithKline UK Ltd)
0302000C0BS,Kelhale,,,,
0302000C0BT,Soprobec,,,,
0302000K0,Budesonide,,,,
0302000K0AA,Budesonide (Inhalation),,,,
0302000K0AAAAAA,Budesonide 50micrograms/dose inhaler,vmp,35912811000001103,0302000K0AAAAAA,Budesonide 50micrograms/dose inhaler
0302000K0AAADAD,Budesonide 200micrograms/dose inhaler,vmp,35912511000001101,0302000K0AAADAD,Budesonide 200micrograms/dose inhaler
0302000K0AAAGAG,Budesonide 200micrograms/dose dry powder inhaler,vmp,35912411000001100,0302000K0AAAGAG,Budesonide 200micrograms/dose dry powder inhaler
0302000K0AAAHAH,Budesonide 400micrograms/dose dry powder inhaler,vmp,35912711000001106,0302000K0AAAHAH,Budesonide 400micrograms/dose dry powder inhaler
0302000K0AAAIAI,Budesonide 1mg/2ml nebuliser liquid unit dose vials,,,,
0302000K0AAAJAJ,Budesonide 500micrograms/2ml neb liq unit dose vials,,,,
0302000K0AAAKAK,Budesonide 100micrograms/dose dry powder inhaler,vmp,35912111000001105,0302000K0AAAKAK,Budesonide 100micrograms/dose dry powder inhaler
0302000K0AAALAL,Budesonide 100microg / Formoterol 6microg/dose dry pdr inh,vmp,35912011000001109,0302000K0AAALAL,Budesonide 100micrograms/dose / Formoterol 6micrograms/dose dry powder inhaler
0302000K0AAAMAM,Budesonide 200mcg/dose / Formoterol 6mcg/dose dry powder inh,vmp,134498003,0302000K0AAAMAM,Budesonide 200micrograms/dose / Formoterol 6micrograms/dose dry powder inhaler
0302000K0AAARAR,Budesonide 200microgram inhalation powder capsules,,,,
0302000K0AAASAS,Budesonide 400microgram inhalation powder capsules,,,,
0302000K0AAATAT,Budesonide 200micrograms/dose inhaler with spacer,,,,
0302000K0AAAUAU,Budesonide 400mcg/dose /Formoterol 12mcg/dose dry powder inh,vmp,4378111000001103,0302000K0AAAUAU,Budesonide 400micrograms/dose / Formoterol 12micrograms/dose dry powder inhaler
0302000K0AAAVAV,Budesonide 200microg/dose dry pdr inhalation cart with dev,vmp,8024611000001102,0302000K0AAAVAV,Budesonide 200micrograms/dose dry powder inhalation cartridge with device
0302000K0AAAWAW,Budesonide 200micrograms/dose dry pdr inhalation cartridge,vmp,9117811000001107,0302000K0AAAWAW,Budesonide 200micrograms/dose dry powder inhalation cartridge
0302000K0AAAZAZ,Budesonide 100micrograms/dose inhaler CFC free,vmp,14959511000001107,0302000K0AAAZAZ,Budesonide 100micrograms/dose inhaler CFC free
0302000K0AABABA,Budesonide 200micrograms/dose inhaler CFC free,vmp,15374611000001106,0302000K0AABABA,Budesonide 200micrograms/dose inhaler CFC free
0302000K0AABBBB,Budesonide 200microg / Formoterol 6microg/dose inh CFC free,vmp,32960711000001105,0302000K0AABBBB,Budesonide 200micrograms/dose / Formoterol 6micrograms/dose inhaler CFC free
0302000K0BB,Pulmicort,,,,
0302000K0BBAGAI,Pulmicort 1mg Respules,,,,
0302000K0BBAJAJ,Pulmicort 0.5mg Respules,,,,
0302000K0BBALAT,Pulmicort 200micrograms/dose inhaler with Nebuchamber,,,,
0302000K0BD,Symbicort,,,,
0302000K0BE,Budesonide Cyclocap,,,,
0302000K0BEAAAR,Budesonide 200 Cyclocaps,,,,
0302000K0BEABAS,Budesonide 400 Cyclocaps,,,,
0302000K0BF,Budelin Novolizer,,,,
0302000K0BG,Easyhaler (Budesonide),,,,
0302000K0BH,DuoResp Spiromax,,,,
0302000K0BI,Fobumix,,,,
0302000N0,Fluticasone propionate (Inhalation),,,,
0302000N0AA,Fluticasone propionate (Inhalation),,,,
0302000N0AAAAAA,Fluticasone propionate 50microg inhalation pdr blist,vmp,36059911000001104,0302000N0AAAAAA,Fluticasone propionate 50microgram inhalation powder blisters with device
0302000N0AAABAB,Fluticasone propionate 50microgram inhalation pdr blist,,,,
0302000N0AAACAC,Fluticasone propionate100microg inhalation pdr blist,vmp,36059311000001100,0302000N0AAACAC,Fluticasone propionate 100microgram inhalation powder blisters with device
0302000N0AAADAD,Fluticasone propionate 100microgram inhalation pdr blist,vmp,36059211000001108,0302000N0AAADAD,Fluticasone propionate 100microgram inhalation powder blisters
0302000N0AAAEAE,Fluticasone propionate 250mcg inhalation pdr blist + dev,vmp,36059411000001107,0302000N0AAAEAE,Fluticasone propionate 250microgram inhalation powder blisters with device
0302000N0AAAFAF,Fluticasone propionate 250microgram inhalation pdr blist,vmp,36059511000001106,0302000N0AAAFAF,Fluticasone propionate 250microgram inhalation powder blisters
0302000N0AAAGAG,Fluticasone 25micrograms/dose inhaler,,,,
0302000N0AAAPAP,Fluticasone propionate 500microg inhalation pdr blist,vmp,36059711000001101,0302000N0AAAPAP,Fluticasone propionate 500microgram inhalation powder blisters with device
0302000N0AAAQAQ,Fluticasone propionate 500microgram inhalation pdr blist,,,,
0302000N0AAARAR,Fluticasone propionate 50micrograms/dose dry powder inhaler,vmp,320602002,0302000N0AAARAR,Fluticasone propionate 50micrograms/dose dry powder inhaler
0302000N0AAASAS,Fluticasone propionate 100micrograms/dose dry powder inhaler,vmp,320603007,0302000N0AAASAS,Fluticasone propionate 100micrograms/dose dry powder inhaler
0302000N0AAATAT,Fluticasone propionate 250micrograms/dose dry powder inhaler,vmp,36565411000001101,0302000N0AAATAT,Fluticasone propionate 250micrograms/dose dry powder inhaler
0302000N0AAAUAU,Fluticasone propionate 500micrograms/dose dry powder inhaler,vmp,320605000,0302000N0AAAUAU,Fluticasone propionate 500micrograms/dose dry powder inhaler
0302000N0AAAVAV,Fluticasone 500micrograms/2ml neb liq unit dose vials,,,,
0302000N0AAAWAW,Fluticasone 2mg/2ml nebuliser liquid unit dose vials,,,,
0302000N0AAAXAX,Fluticasone propionate 100microg/Salmeterol 50microg/dose,vmp,320277000,0302000N0AAAXAX,Fluticasone propionate 100micrograms/dose / Salmeterol 50micrograms/dose dry powder inhaler
0302000N0AAAYAY,Fluticasone propionate 250microg/Salmeterol 50microg/dose,vmp,320279002,0302000N0AAAYAY,Fluticasone propionate 250micrograms/dose / Salmeterol 50micrograms/dose dry powder inhaler
0302000N0AABABA,Fluticasone 125micrograms/dose inhaler CFC free,vmp,320614005,0302000N0AABABA,Fluticasone 125micrograms/dose inhaler CFC free
0302000N0AABCBC,Fluticasone 250micrograms/dose inhaler CFC free,vmp,320615006,0302000N0AABCBC,Fluticasone 250micrograms/dose inhaler CFC free
0302000N0AABEBE,Fluticasone 50microg / Salmeterol 25microg/dose inh CFC free,vmp,320274007,0302000N0AABEBE,Fluticasone 50micrograms/dose / Salmeterol 25micrograms/dose inhaler CFC free
0302000N0AABFBF,Fluticasone 125mcg/dose / Salmeterol 25mcg/dose inh CFC free,vmp,320275008,0302000N0AABFBF,Fluticasone 125micrograms/dose / Salmeterol 25micrograms/dose inhaler CFC free
0302000N0AABGBG,Fluticasone 250mcg/dose / Salmeterol 25mcg/dose inh CFC free,vmp,320276009,0302000N0AABGBG,Fluticasone 250micrograms/dose / Salmeterol 25micrograms/dose inhaler CFC free
0302000N0AABHBH,Fluticasone 50micrograms/dose inhaler CFC free,vmp,320618008,0302000N0AABHBH,Fluticasone 50micrograms/dose inhaler CFC free
0302000N0AABJBJ,Fluticasone 125microg / Formoterol 5microg/dose inh CFC free,vmp,21113711000001102,0302000N0AABJBJ,Fluticasone 125micrograms/dose / Formoterol 5micrograms/dose inhaler CFC free
0302000N0AABKBK,Fluticasone 250microg / Formoterol 10microg/dose inh CFCfree,vmp,21113811000001105,0302000N0AABKBK,Fluticasone 250micrograms/dose / Formoterol 10micrograms/dose inhaler CFC free
0302000N0AABLBL,Fluticasone 50microg / Formoterol 5microg/dose inh CFC free,vmp,21113911000001100,0302000N0AABLBL,Fluticasone 50micrograms/dose / Formoterol 5micrograms/dose inhaler CFC free
0302000N0AABPBP,Fluticasone 125microg/Formoterol 5microg/dose BA inh CFCfree,vmp,35647511000001107,0302000N0AABPBP,Fluticasone 125micrograms/dose / Formoterol 5micrograms/dose breath actuated inhaler CFC free
0302000N0AABQBQ,Fluticasone 50microg/Formoterol 5microg/dose BA inh CFC free,vmp,35647611000001106,0302000N0AABQBQ,Fluticasone 50micrograms/dose / Formoterol 5micrograms/dose breath actuated inhaler CFC free
0302000N0BB,Flixotide,,,,
0302000N0BBABAB,Flixotide 50microgram disks,,,,
0302000N0BBAGAG,Flixotide 25micrograms/dose inhaler,,,,
0302000N0BBAPAP,Flixotide 500microgram disks with Diskhaler,,,,
0302000N0BBAQAQ,Flixotide 500microgram disks,,,,
0302000N0BBAVAV,Flixotide 0.5mg/2ml Nebules,,,,
0302000N0BBAWAW,Flixotide 2mg/2ml Nebules,,,,
0302000N0BBBBBH,Flixotide 50micrograms/dose Evohaler,amp,726611000001102,0302000N0BBBBBH,Flixotide 50micrograms/dose Evohaler (GlaxoSmithKline UK Ltd)
0302000N0BC,Seretide,,,,
0302000N0BCAAAX,Seretide 100 Accuhaler,amp,3186911000001100,0302000N0BCAAAX,Seretide 100 Accuhaler (GlaxoSmithKline UK Ltd)
0302000N0BCABAY,Seretide 250 Accuhaler,amp,3187211000001106,0302000N0BCABAY,Seretide 250 Accuhaler (GlaxoSmithKline UK Ltd)
0302000N0BCACAZ,Seretide 500 Accuhaler,amp,3188311000001102,0302000N0BCACAZ,Seretide 500 Accuhaler (GlaxoSmithKline UK Ltd)
0302000N0BCADBE,Seretide 50 Evohaler,amp,453611000001102,0302000N0BCADBE,Seretide 50 Evohaler (GlaxoSmithKline UK Ltd)
0302000N0BCAEBF,Seretide 125 Evohaler,amp,810211000001105,0302000N0BCAEBF,Seretide 125 Evohaler (GlaxoSmithKline UK Ltd)
0302000N0BCAFBG,Seretide 250 Evohaler,amp,539811000001106,0302000N0BCAFBG,Seretide 250 Evohaler (GlaxoSmithKline UK Ltd)
0302000N0BD,Flutiform,,,,
0302000N0BDAABJ,Flutiform 125micrograms/dose / 5micrograms/dose inhaler,amp,21019411000001101,0302000N0BDAABJ,Flutiform 125micrograms/dose / 5micrograms/dose inhaler (Napp Pharmaceuticals Ltd)
0302000N0BDABBK,Flutiform 250micrograms/dose / 10micrograms/dose inhaler,amp,21019711000001107,0302000N0BDABBK,Flutiform 250micrograms/dose / 10micrograms/dose inhaler (Napp Pharmaceuticals Ltd)
0302000N0BDACBL,Flutiform 50micrograms/dose / 5micrograms/dose inhaler,amp,21020611000001104,0302000N0BDACBL,Flutiform 50micrograms/dose / 5micrograms/dose inhaler (Napp Pharmaceuticals Ltd)
0302000N0BDADBP,Flutiform K-haler 125microg/dose / 5microg/dose BA inhaler,amp,35647311000001101,0302000N0BDADBP,Flutiform K-haler 125micrograms/dose / 5micrograms/dose breath actuated inhaler (Napp Pharmaceuticals Ltd)
0302000N0BDAEBQ,Flutiform K-haler 50microg/dose / 5microg/dose BA inh,amp,35650811000001109,0302000N0BDAEBQ,Flutiform K-haler 50micrograms/dose / 5micrograms/dose breath actuated inhaler (Napp Pharmaceuticals Ltd)
0302000N0BF,Sirdupla,,,,
0302000N0BFAABF,Sirdupla 25micrograms/dose / 125micrograms/dose inhaler,amp,29782111000001107,0302000N0BFAABF,Sirdupla 25micrograms/dose / 125micrograms/dose inhaler (Mylan)
0302000N0BFABBG,Sirdupla 25micrograms/dose / 250micrograms/dose inhaler,amp,29782511000001103,0302000N0BFABBG,Sirdupla 25micrograms/dose / 250micrograms/dose inhaler (Mylan)
0302000N0BG,AirFluSal,,,,
0302000N0BGAAAZ,AirFluSal Forspiro 50microg / 500microg/dose dry pdr inh,amp,30950311000001106,0302000N0BGAAAZ,AirFluSal Forspiro 50micrograms/dose / 500micrograms/dose dry powder inhaler (Sandoz Ltd)
0302000N0BGABBF,AirFluSal 25micrograms/dose / 125micrograms/dose inhaler,amp,34215311000001107,0302000N0BGABBF,AirFluSal 25micrograms/dose / 125micrograms/dose inhaler (Sandoz Ltd)
0302000N0BGACBG,AirFluSal 25micrograms/dose / 250micrograms/dose inhaler,amp,34215511000001101,0302000N0BGACBG,AirFluSal 25micrograms/dose / 250micrograms/dose inhaler (Sandoz Ltd)
0302000N0BH,Aerivio Spiromax,,,,
0302000N0BHAAAZ,Aerivio Spiromax 50microg / 500microg/dose dry pdr inh,amp,33679711000001103,0302000N0BHAAAZ,Aerivio Spiromax 50micrograms/dose / 500micrograms/dose dry powder inhaler (Teva UK Ltd)
0302000N0BI,Sereflo,,,,
0302000N0BIAABF,Sereflo 25micrograms/dose / 125micrograms/dose inhaler,amp,34023611000001101,0302000N0BIAABF,Sereflo 25micrograms/dose / 125micrograms/dose inhaler (Cipla EU Ltd)
0302000N0BIABBG,Sereflo 25micrograms/dose / 250micrograms/dose inhaler,amp,34023811000001102,0302000N0BIABBG,Sereflo 25micrograms/dose / 250micrograms/dose inhaler (Cipla EU Ltd)
0302000N0BJ,Aloflute,,,,
0302000N0BJAABF,Aloflute 25micrograms/dose / 125micrograms/dose inhaler,amp,34677011000001107,0302000N0BJAABF,Aloflute 25micrograms/dose / 125micrograms/dose inhaler (Mylan)
0302000N0BJABBG,Aloflute 25micrograms/dose / 250micrograms/dose inhaler,amp,34675711000001103,0302000N0BJABBG,Aloflute 25micrograms/dose / 250micrograms/dose inhaler (Mylan)
0302000N0BK,Fusacomb Easyhaler,,,,
0302000N0BKAAAY,Fusacomb Easyhaler 50microg / 250microg/dose dry pdr inh,amp,35515511000001100,0302000N0BKAAAY,Fusacomb Easyhaler 50micrograms/dose / 250micrograms/dose dry powder inhaler (Orion Pharma (UK) Ltd)
0302000N0BKABAZ,Fusacomb Easyhaler 50microg / 500microg/dose dry pdr inh,amp,35515311000001106,0302000N0BKABAZ,Fusacomb Easyhaler 50micrograms/dose / 500micrograms/dose dry powder inhaler (Orion Pharma (UK) Ltd)
0302000N0BL,Combisal,,,,
0302000N0BLAABE,Combisal 25micrograms/dose / 50micrograms/dose inhaler,amp,35594011000001105,0302000N0BLAABE,Combisal 25micrograms/dose / 50micrograms/dose inhaler (Aspire Pharma Ltd)
0302000N0BLABBF,Combisal 25micrograms/dose / 125micrograms/dose inhaler,amp,35594211000001100,0302000N0BLABBF,Combisal 25micrograms/dose / 125micrograms/dose inhaler (Aspire Pharma Ltd)
0302000N0BLACBG,Combisal 25micrograms/dose / 250micrograms/dose inhaler,amp,35594411000001101,0302000N0BLACBG,Combisal 25micrograms/dose / 250micrograms/dose inhaler (Aspire Pharma Ltd)
0302000N0BM,Stalpex,,,,
0302000N0BMAAAZ,Stalpex 50microg/dose / 500microg/dose dry powder inh,amp,36604711000001102,0302000N0BMAAAZ,Stalpex 50micrograms/dose / 500micrograms/dose dry powder inhaler (Glenmark Pharmaceuticals Europe Ltd)
0302000R0,Mometasone furoate,,,,
0302000R0AA,Mometasone furoate (Inhalation),,,,
0302000R0AAAAAA,Mometasone 200micrograms/dose dry powder inhaler,vmp,408026006,0302000R0AAAAAA,Mometasone 200micrograms/dose dry powder inhaler
0302000R0AAACAC,Mometasone 400micrograms/dose dry powder inhaler,vmp,408013007,0302000R0AAACAC,Mometasone 400micrograms/dose dry powder inhaler
0302000R0BB,Asmanex,,,,
0302000R0BBAAAA,Asmanex 200micrograms/dose Twisthaler,amp,4045711000001107,0302000R0BBAAAA,Asmanex 200micrograms/dose Twisthaler (Merck Sharp & Dohme Ltd)
0302000R0BBACAC,Asmanex 400micrograms/dose Twisthaler,amp,4043811000001103,0302000R0BBACAC,Asmanex 400micrograms/dose Twisthaler (Merck Sharp & Dohme Ltd)
0302000U0,Ciclesonide,,,,
0302000U0AA,Ciclesonide,,,,
0302000U0AAAAAA,Ciclesonide 80micrograms/dose inhaler CFC free,vmp,9004511000001107,0302000U0AAAAAA,Ciclesonide 80micrograms/dose inhaler CFC free
0302000U0AAABAB,Ciclesonide 160micrograms/dose inhaler CFC free,vmp,9004411000001108,0302000U0AAABAB,Ciclesonide 160micrograms/dose inhaler CFC free
0302000U0BB,Alvesco,,,,
0302000U0BBAAAA,Alvesco 80 inhaler,amp,9003911000001102,0302000U0BBAAAA,Alvesco 80 inhaler (AstraZeneca UK Ltd)
0302000U0BBABAB,Alvesco 160 inhaler,amp,9004211000001109,0302000U0BBABAB,Alvesco 160 inhaler (AstraZeneca UK Ltd)
0302000V0,Fluticasone furoate (Inhalation),,,,
0302000V0AA,Fluticasone furoate (Inhalation),,,,
0302000V0AAAAAA,Fluticasone furoate 184microg/Vilanterol 22microg/dose,vmp,23661311000001105,0302000V0AAAAAA,Fluticasone furoate 184micrograms/dose / Vilanterol 22micrograms/dose dry powder inhaler
0302000V0AAABAB,Fluticasone furoate 92microg/Vilanterol 22microg/dose,vmp,23661411000001103,0302000V0AAABAB,Fluticasone furoate 92micrograms/dose / Vilanterol 22micrograms/dose dry powder inhaler
0302000V0BB,Relvar Ellipta,,,,
0302000V0BBAAAA,Relvar Ellipta 184microg/dose / 22microg/dose dry pdr inh,amp,23621711000001102,0302000V0BBAAAA,Relvar Ellipta 184micrograms/dose / 22micrograms/dose dry powder inhaler (GlaxoSmithKline UK Ltd)
0302000V0BBABAB,Relvar Ellipta 92microg/dose / 22microg/dose dry pdr inh,amp,23622011000001107,0302000V0BBABAB,Relvar Ellipta 92micrograms/dose / 22micrograms/dose dry powder inhaler (GlaxoSmithKline UK Ltd)
0302000V0BC,Trelegy ellipta,,,,
0302000V0BCAAA0,Trelegy Ellipta 92microg/55microg/22microg/dose dry pdr inh,amp,34952211000001104,0302000V0BCAAA0,Trelegy Ellipta 92micrograms/dose / 55micrograms/dose / 22micrograms/dose dry powder inhaler (GlaxoSmithKline UK Ltd)
0302000V0BCAAA0,Trelegy Ellipta 92microg/55microg/22microg/dose dry pdr inh,vmp,34955111000001103,0302000V0BCAAA0,Generic Trelegy Ellipta 92micrograms/dose / 55micrograms/dose / 22micrograms/dose dry powder inhaler
,,amp,34681611000001100,0301011ABBBAAA0,Trimbow 87micrograms/dose / 5micrograms/dose / 9micrograms/dose inhaler (Chiesi Ltd)
,,vmp,34683311000001106,0301011ABBBAAA0,Generic Trimbow 87micrograms/dose / 5micrograms/dose / 9micrograms/dose inhaler
